Geo_FIPS,Geo_NAME,Geo_QNAME,Geo_INCCOUNTRY,SE_T001_001,SE_T150_001,SE_T150_003,SE_T150_002,PCT_SE_T150_003,PCT_SE_T150_002,SE_T151_001,SE_T151_002,SE_T151_003,SE_T151_004,PCT_SE_T151_002,PCT_SE_T151_003,PCT_SE_T151_004,SE_T004_001,SE_T004_002,SE_T004_003,PCT_SE_T004_002,PCT_SE_T004_003,SE_T057_001,SE_T057_002,SE_T057_003,SE_T015_001,SE_T015_002,SE_T015_009,SE_T211_001,SE_T211_002
"LICAFG","Afghanistan","Afghanistan, Low-income economies","AFG",32526562,32526562,16773703.9993739,15752858.0006261,51.57,48.43,32526562,14325332.0003682,17398120.0010204,803109.999912489,44.04,53.49,2.47,32526562,8685568,23840994,26.7,73.3,36242,67399,94261,35.5,66.3,91.1,4300,396
"LICBDI","Burundi","Burundi, Low-income economies","BDI",11178921,11178921,5524232.00013434,5654688.99986566,49.42,50.58,11178921,5008303.9998376,5894354.9994873,276262.000004362,44.8,52.73,2.47,11178921,1347843,9831078,12.06,87.94,13236,24956,36970,28.6,54.1,81.7,3500,712
"LICBEN","Benin","Benin, Low-income economies","BEN",10879829,10879829,5425949.00026598,5453879.99973402,49.87,50.13,10879829,4586761.99994932,5978513.00045784,314554.000028034,42.16,54.95,2.89,10879829,4781685,6098144,43.95,56.05,11955,24069,37092,31.8,64.2,99.5,1600,405
"LICBFA","Burkina Faso","Burkina Faso, Low-income economies","BFA",18105570,18105570,8984174.99985029,9121395.00014971,49.62,50.38,18105570,8251082.00047095,9421166.00040071,433322.000033611,45.57,52.03,2.39,18105570,5406142,12699428,29.86,70.14,18346,41810,60477,26.7,60.9,88.6,2700,371
"LICCAF","Central African Republic","Central African Republic, Low-income economies","CAF",4900274,4900274,2415418.00007876,2484855.99992124,49.29,50.71,4900274,1913684.99999732,2797660.99992809,188927.999976586,39.05,57.09,3.86,4900274,1961923,2938351,40.04,59.96,6993,14981,21029,42.6,91.5,130.1,1400,882
"LICCOD","Congo, DRC","Congo, DRC, Low-income economies","COD",77266814,77266814,38533134.9966001,38733679.0033999,49.87,50.13,77266814,35537276.0031918,39439399.0033424,2290138.9996472,45.99,51.04,2.96,77266814,32833760,44433054,42.49,57.51,94252,233339,304558,30.1,74.5,98.3,22000,693
"LICCOM","Comoros","Comoros, Low-income economies","COM",788474,788474,397699.999964119,390774.000035881,50.44,49.56,788474,317548.000030018,448899.999989933,22026.0000037036,40.27,56.93,2.79,788474,223107,565367,28.3,71.7,889,1433,1897,34,55.1,73.5,88,335
"LICERI","Eritrea","Eritrea, Low-income economies","ERI",,,,,,,,,,,,,,,,,,,3056,5652,7764,18.4,34.1,46.5,880,501
"LICETH","Ethiopia","Ethiopia, Low-income economies","ETH",99390750,99390750,49607610.9998132,49783139.0001868,49.91,50.09,99390750,41187753.0034079,54740332.0000726,3462665.00049513,41.44,55.08,3.48,99390750,19353367,80037383,19.47,80.53,87414,129947,184186,27.7,41.4,59.2,11000,353
"LICGIN","Guinea","Guinea, Low-income economies","GIN",12608590,12608590,6322236.99961368,6286353.00038632,50.14,49.86,12608590,5362684.99949984,6859650.99954769,386253.999943786,42.53,54.4,3.06,12608590,4685478,7923112,37.16,62.84,14288,27757,42073,31.3,61,93.7,3100,679
"LICGMB","The Gambia","The Gambia, Low-income economies","GMB",1990924,1990924,985530.999924151,1005393.00007585,49.5,50.5,1990924,919493.999958747,1025363.00008994,46066.9999911285,46.18,51.5,2.31,1990924,1187228,803696,59.63,40.37,2471,3938,5540,29.9,47.9,68.9,590,706
"LICGNB","Guinea-Bissau","Guinea-Bissau, Low-income economies","GNB",1844325,1844325,915500.000060573,928824.999939427,49.64,50.36,1844325,752354.000026965,1033534.99999937,58435.9999921057,40.79,56.04,3.17,1844325,909842,934483,49.33,50.67,2586,3898,5883,39.7,60.3,92.5,370,549
"LICHTI","Haiti","Haiti, Low-income economies","HTI",10711067,10711067,5297421.99950132,5413645.00049868,49.46,50.54,10711067,3614061.00019908,6600991.99986925,496014.000038775,33.74,61.63,4.63,10711067,6281505,4429562,58.64,41.36,6537,13407,17841,25.4,52.2,69,950,359
"LICKHM","Cambodia","Cambodia, Low-income economies","KHM",15577899,15577899,7598153.9992305,7979745.0007695,48.78,51.22,15577899,4922970.99994629,10013439.0001939,641489.000015559,31.6,64.28,4.12,15577899,3228208,12349691,20.72,79.28,5282,8759,10257,14.8,24.6,28.7,590,161
"LICLBR","Liberia","Liberia, Low-income economies","LBR",4503438,4503438,2269794.99987107,2233643.00012893,50.4,49.6,4503438,1905211.99990227,2462608.00004494,135618.000007754,42.31,54.68,3.01,4503438,2238254,2265184,49.7,50.3,3644,7974,10509,24.1,52.8,69.9,1100,725
"LICMDG","Madagascar","Madagascar, Low-income economies","MDG",24235390,24235390,12082461.001098,12152928.998902,49.85,50.15,24235390,10108419.9988094,13439214.0007191,687755.999986819,41.71,55.45,2.84,24235390,8507834,15727556,35.11,64.89,16189,29429,40075,19.7,35.9,49.6,2900,353
"LICMLI","Mali","Mali, Low-income economies","MLI",17599694,17599694,8884689.99974311,8715004.00025689,50.48,49.52,17599694,8364462.99963616,8791778.99931563,443451.999992221,47.53,49.95,2.52,17599694,7025094,10574600,39.92,60.08,27439,53880,82710,37.8,74.5,114.7,4400,587
"LICMOZ","Mozambique","Mozambique, Low-income economies","MOZ",27977863,27977863,13666200.0013141,14311662.9986859,48.85,51.15,27977863,12674955.9987797,14366015.0000053,936892.000095892,45.3,51.35,3.35,27977863,9012789,18965074,32.21,67.79,28799,60138,82387,27.1,56.7,78.5,5300,489
"LICMWI","Malawi","Malawi, Low-income economies","MWI",17215232,17215232,8593060.99992745,8622171.00007255,49.92,50.08,17215232,7773879.00030784,8848909.00068457,592444.000040504,45.16,51.4,3.44,17215232,2801263,14413969,16.27,83.73,13720,27260,40048,21.8,43.4,64,4200,634
"LICNER","Niger","Niger, Low-income economies","NER",19899120,19899120,10029154.9995055,9869965.00049453,50.4,49.6,19899120,10042206.0005303,9343503.00093571,513410.99992697,50.47,46.95,2.58,19899120,3727503,16171617,18.73,81.27,25495,54226,87967,26.8,57.1,95.5,5400,553
"LICNPL","Nepal","Nepal, Low-income economies","NPL",28513700,28513700,13816471.9994837,14697228.0005163,48.46,51.54,28513700,9313745.99945971,17618260.9986022,1581692.99994217,32.66,61.79,5.55,28513700,5307825,23205875,18.61,81.39,12252,16144,19900,22.2,29.4,35.8,1500,258
"LICPRK","North Korea","North Korea, Low-income economies","PRK",25155317,25155317,12299766.0000239,12855550.9999761,48.9,51.1,25155317,5324733.00035703,17430907.9999169,2399675.99997766,21.17,69.29,9.54,25155317,15313299,9842018,60.87,39.13,5091,7440,9271,13.5,19.7,24.9,300,82
"LICRWA","Rwanda","Rwanda, Low-income economies","RWA",11609666,11609666,5559566.0002884,6050099.9997116,47.89,52.11,11609666,4766001.99959296,6519770.99977515,323893.000051408,41.05,56.16,2.79,11609666,3344861,8264805,28.81,71.19,6299,10445,14207,18.7,31.1,41.7,1100,290
"LICSLE","Sierra Leone","Sierra Leone, Low-income economies","SLE",6453184,6453184,3193238.99985482,3259945.00014518,49.48,50.52,6453184,2733758.00008972,3547159.00030899,172266.999988484,42.36,54.97,2.67,6453184,2577531,3875653,39.94,60.06,7615,19014,26466,34.9,87.1,120.4,3100,1360
"LICSOM","Somalia","Somalia, Low-income economies","SOM",10787104,10787104,5367937.00001325,5419166.99998675,49.76,50.24,10787104,5038123.99954022,5444348.00026084,304631.999983189,46.71,50.47,2.82,10787104,4266408,6520696,39.55,60.45,17692,37786,60537,39.7,85,136.8,3400,732
"LICSSD","South Sudan","South Sudan, Low-income economies","SSD",12339812,12339812,6179232.00048414,6160579.99951586,50.08,49.92,12339812,5193326.00029888,6718977.99957419,427508.000003527,42.09,54.45,3.46,12339812,2320378,10019434,18.8,81.2,17034,25942,39487,39.3,60.3,92.6,3500,789
"LICTCD","Chad","Chad, Low-income economies","TCD",14037472,14037472,7027570.99958217,7009901.00041783,50.06,49.94,14037472,6698728.99942678,6994721.00032304,344021.999969433,47.72,49.83,2.45,14037472,3154360,10883112,22.47,77.53,23789,51335,82728,39.3,85,138.7,5400,856
"LICTGO","Togo","Togo, Low-income economies","TGO",7304578,7304578,3609095.00034377,3695482.99965623,49.41,50.59,7304578,3085390.00014779,4017233.00027472,201955.000015757,42.24,55,2.76,7304578,2919202,4385376,39.96,60.04,6694,13077,19512,26.7,52.3,78.4,940,368
"LICTZA","Tanzania","Tanzania, Low-income economies","TZA",53470420,53470420,26574231.0017745,26896188.9982255,49.7,50.3,53470420,24167930.9976517,27590383.0024776,1712105.99987066,45.2,51.6,3.2,53470420,16900930,36569490,31.61,68.39,38575,72069,98180,18.8,35.2,48.7,8200,398
"LICUGA","Uganda","Uganda, Low-income economies","UGA",39032383,39032383,19507178.0016011,19525204.9983989,49.98,50.02,39032383,18770928.9981001,19289980.9988127,971472.999964582,48.09,49.42,2.49,39032383,6284604,32747779,16.1,83.9,29738,59856,85291,18.7,37.7,54.6,5700,343
"LICZWE","Zimbabwe","Zimbabwe, Low-income economies","ZWE",15602751,15602751,7687556.99980415,7915194.00019585,49.27,50.73,15602751,6490798.00052776,8649404.9992932,462548.000023008,41.6,55.44,2.96,15602751,5051547,10551204,32.38,67.62,12836,25398,38087,23.5,46.6,70.7,2400,443
"LMCARM","Armenia","Armenia, Lower-middle-income economies","ARM",3017712,3017712,1399511.00001156,1618200.99998844,46.38,53.62,3017712,554773.000050518,2136242.00007145,326696.999878037,18.38,70.79,10.83,3017712,1891291,1126421,62.67,37.33,301,513,577,7.4,12.6,14.1,10,25
"LMCBGD","Bangladesh","Bangladesh, Lower-middle-income economies","BGD",160995642,160995642,81276964.9960078,79718677.0039922,50.48,49.52,160995642,47408346.0000417,105580087.007944,8007209.00006361,29.45,65.58,4.97,160995642,55184476,105811166,34.28,65.72,74378,97478,119326,23.3,30.7,37.6,5500,176
"LMCBOL","Bolivia","Bolivia, Lower-middle-income economies","BOL",10724705,10724705,5370714.9997087,5353990.0002913,50.08,49.92,10724705,3479655.99984461,6551649.9999883,693398.999952595,32.45,61.09,6.47,10724705,7347710,3376995,68.51,31.49,4823,7504,9415,19.6,30.6,38.4,520,206
"LMCBTN","Bhutan","Bhutan, Lower-middle-income economies","BTN",774830,774830,416283.999990782,358546.000009218,53.73,46.27,774830,208159.999993638,527441.999978411,39227.9999969578,26.87,68.07,5.06,774830,299425,475405,38.64,61.36,226,335,414,18.3,27.2,32.9,20,148
"LMCCIV","Cote d'Ivoire","Cote d'Ivoire, Lower-middle-income economies","CIV",22701556,22701556,11546153.9995853,11155402.0004147,50.86,49.14,22701556,9642331.00012217,12372068.0008471,687156.999938844,42.47,54.5,3.03,22701556,12299703,10401853,54.18,45.82,31467,54998,75393,37.9,66.6,92.6,5400,645
"LMCCMR","Cameroon","Cameroon, Lower-middle-income economies","CMR",23344179,23344179,11672283.9990306,11671895.0009694,50,50,23344179,9926572.00081164,12669290.0006911,748316.999897952,42.52,54.27,3.21,23344179,12694798,10649381,54.38,45.62,21071,46762,71348,25.7,57.1,87.9,5100,596
"LMCCOG","Congo","Congo, Lower-middle-income economies","COG",4620330,4620330,2311120.00003342,2309209.99996658,50.02,49.98,4620330,1969679.99989589,2481506.99998215,169142.999983343,42.63,53.71,3.66,4620330,3020772,1599558,65.38,34.62,2948,5426,7269,18,33.2,45,740,442
"LMCCPV","Cabo Verde","Cabo Verde, Lower-middle-income economies","CPV",520502,520502,256827.00001507,263674.99998493,49.34,50.66,520502,154332.000000781,342327.000013317,23843.0000015171,29.65,65.77,4.58,520502,341064,179438,65.53,34.47,133,226,267,12.2,20.7,24.5,5,42
"LMCDJI","Djibouti","Djibouti, Lower-middle-income economies","DJI",887861,887861,445842.000007933,442018.999992067,50.22,49.78,887861,290645.000020081,560045.000024381,37170.9999999306,32.74,63.08,4.19,887861,686698,201163,77.34,22.66,737,1190,1429,33.4,54.2,65.3,50,229
"LMCEGY","Egypt","Egypt, Lower-middle-income economies","EGY",91508084,91508084,46240420.0030675,45267663.9969325,50.53,49.47,91508084,30344336.9959957,56386786.0000889,4776961.00025508,33.16,61.62,5.22,91508084,39472012,52036072,43.13,56.87,35818,56914,65775,12.8,20.3,24,820,33
"LMCFSM","Micronesia","Micronesia, Lower-middle-income economies","FSM",104460,104460,53510.000004132,50949.999995868,51.23,48.77,104460,35587.999996908,64320.999999516,4551.0000004422,34.07,61.57,4.36,104460,23424,81036,22.42,77.58,46,71,85,18.8,28.6,34.7,2,100
"LMCGEO","Georgia","Georgia, Lower-middle-income economies","GEO",3679000,3679000,1755104.3720522,1923895.6279478,47.71,52.29,3679000,637477.4149081,2525518.582756,516004.0023359,17.33,68.65,14.03,3679000,1973452,1705548,53.64,46.36,408,601,673,7.2,10.6,11.9,19,36
"LMCGHA","Ghana","Ghana, Lower-middle-income economies","GHA",27409893,27409893,13635406.0007212,13774486.9992788,49.75,50.25,27409893,10639735.9996853,15839827.0005759,930330.000012855,38.82,57.79,3.39,27409893,14812854,12597039,54.04,45.96,25402,38211,54061,28.3,42.8,61.6,2800,319
"LMCGTM","Guatemala","Guatemala, Lower-middle-income economies","GTM",16342897,16342897,7993267.99971532,8349629.00028468,48.91,51.09,16342897,5985229.99950743,9565602.99963702,792064.000038406,36.62,58.53,4.85,16342897,8428195,7914702,51.57,48.43,5946,10818,12858,13.4,24.3,29.1,380,88
"LMCGUY","Guyana","Guyana, Lower-middle-income economies","GUY",767085,767085,385498.999999608,381586.000000392,50.26,49.74,767085,220973.999980701,507707.000031248,38404.0000033932,28.81,66.19,5.01,767085,219026,548059,28.55,71.45,391,545,642,22.8,32,39.4,34,229
"LMCHND","Honduras","Honduras, Lower-middle-income economies","HND",8075060,8075060,4035962.00019181,4039097.99980819,49.98,50.02,8075060,2564865.00021633,5118290.99963762,391903.999984549,31.76,63.38,4.85,8075060,4419480,3655580,54.73,45.27,1787,2832,3333,11,17.4,20.4,220,129
"LMCIDN","Indonesia","Indonesia, Lower-middle-income economies","IDN",257563815,257563815,129687878.998478,127875936.001522,50.35,49.65,257563815,71325568.9884045,172912591.989627,13325653.998788,27.69,67.13,5.17,257563815,138419945,119143870,53.74,46.26,73921,125168,147162,13.5,22.8,27.2,6400,126
"LMCIND","India","India, Lower-middle-income economies","IND",1311050527,1311050527,679548407.959729,631502119.040271,51.83,48.17,1311050527,377426894.942291,859993589.945919,73630041.9937961,28.79,65.6,5.62,1311050527,429329716,881720811,32.75,67.25,695852,946304,1200998,27.7,37.9,47.7,45000,174
"LMCKEN","Kenya","Kenya, Lower-middle-income economies","KEN",46050302,46050302,23016936.9984222,23033365.0015778,49.98,50.02,46050302,19299249.9985847,25460517.9977489,1290533.99998237,41.91,55.29,2.8,46050302,11799008,34251294,25.62,74.38,33741,53749,74429,22.2,35.5,49.4,8000,510
"LMCKGZ","Kyrgyzstan","Kyrgyzstan, Lower-middle-income economies","KGZ",5957000,5957000,2948610.5112415,3008389.4887585,49.5,50.5,5957000,1870596.213059,3834610.6171856,251793.16987454,31.4,64.37,4.23,5957000,2127066,3829934,35.71,64.29,1985,3286,3644,11.5,19,21.3,120,76
"LMCKIR","Kiribati","Kiribati, Lower-middle-income economies","KIR",112423,112423,55423.9999991688,56999.0000008312,49.3,50.7,112423,39287.9999965418,68970.9999983993,4164.00000056198,34.95,61.35,3.7,112423,49808,62615,44.3,55.7,67,123,162,23.7,43.6,55.9,3,90
"LMCLAO","Laos","Laos, Lower-middle-income economies","LAO",6802023,6802023,3385328.00006644,3416694.99993356,49.77,50.23,6802023,2365036.99980914,4177789.00009706,259197.000025776,34.77,61.42,3.81,6802023,2626533,4175490,38.61,61.39,5220,8751,11613,30.1,50.7,66.7,350,197
"LMCLKA","Sri Lanka","Sri Lanka, Lower-middle-income economies","LKA",20966000,20966000,10100176.1053446,10865823.8946554,48.17,51.83,20966000,5152149.8645188,13863330.9103058,1950519.2251754,24.57,66.12,9.3,20966000,3848519,17117481,18.36,81.64,1683,2620,3091,5.4,8.4,9.8,98,30
"LMCLSO","Lesotho","Lesotho, Lower-middle-income economies","LSO",2135022,2135022,1056775.00002657,1078246.99997343,49.5,50.5,2135022,770159.000032361,1276424.00010131,88438.9999944319,36.07,59.79,4.14,2135022,583117,1551905,27.31,72.69,2045,4317,5570,32.7,69.2,90.2,300,487
"LMCMAR","Morocco","Morocco, Lower-middle-income economies","MAR",34377511,34377511,16989264.0000044,17388246.9999956,49.42,50.58,34377511,9358267.00095071,22898756.999571,2120487.00016583,27.22,66.61,6.17,34377511,20693543,13683968,60.2,39.8,12706,17043,19759,17.6,23.7,27.6,850,121
"LMCMDA","Moldova","Moldova, Lower-middle-income economies","MDA",3554150,3554150,1708427.68067532,1845722.31932468,48.07,51.93,3554150,559188.77542268,2641041.38120059,353919.843305652,15.73,74.31,9.96,3554150,1599190,1954960,45,55,513,587,687,11.9,13.6,15.8,10,23
"LMCMMR","Myanmar","Myanmar, Lower-middle-income economies","MMR",53897154,53897154,26334983.998712,27562170.001288,48.86,51.14,53897154,14848989.9998076,36159452.9996849,2888710.99996855,27.55,67.09,5.36,53897154,18377852,35519302,34.1,65.9,24302,36176,46284,26.4,39.5,50,1700,178
"LMCMRT","Mauritania","Mauritania, Lower-middle-income economies","MRT",4067564,4067564,2046780.99981779,2020783.00018221,50.32,49.68,4067564,1627692.99979977,2309304.00017162,130566.999987934,40.02,56.77,3.21,4067564,2434803,1632761,59.86,40.14,4695,8523,11050,35.7,65.1,84.7,810,602
"LMCNGA","Nigeria","Nigeria, Lower-middle-income economies","NGA",182201962,182201962,92788950.0086268,89413011.9913732,50.93,49.07,182201962,80149124.9952728,97066479.9986665,4986357.00059465,43.99,53.27,2.74,182201962,87048809,95153153,47.78,52.22,240106,484368,750111,34.3,69.4,108.8,58000,814
"LMCNIC","Nicaragua","Nicaragua, Lower-middle-income economies","NIC",6082032,6082032,2997972.99973438,3084059.00026562,49.29,50.71,6082032,1826694.99983372,3946044.00025345,309292.999973649,30.03,64.88,5.09,6082032,3574958,2507074,58.78,41.22,1170,2251,2662,9.8,18.8,22.1,180,150
"LMCPAK","Pakistan","Pakistan, Lower-middle-income economies","PAK",188924874,188924874,97052302.9987586,91872571.0012414,51.37,48.63,188924874,66142292.0079318,114295356.999358,8487225.00026704,35.01,60.5,4.49,188924874,73223503,115701371,38.76,61.24,244746,350600,431568,45.5,65.8,81.1,9700,178
"LMCPHL","Philippines","Philippines, Lower-middle-income economies","PHL",100699395,100699395,50812555.9955452,49886839.0044548,50.46,49.54,100699395,32171982.00014,63915738.0003834,4611675.00048359,31.95,63.47,4.58,100699395,44683343,56016052,44.37,55.63,29601,52300,65613,12.6,22.2,28,2700,114
"LMCPNG","Papua New Guinea","Papua New Guinea, Lower-middle-income economies","PNG",7619321,7619321,3886788.00028421,3732532.99971579,51.01,48.99,7619321,2829983.00025559,4560019.99963267,229318.000035546,37.14,59.85,3.01,7619321,990893,6628428,13.01,86.99,5127,9284,11963,24.5,44.5,57.3,460,215
"LMCPSE","West Bank and Gaza","West Bank and Gaza, Lower-middle-income economies","PSE",4422143,4422143,2241872.80057575,2180270.19942425,50.7,49.3,4422143,1778703.34814508,2512554.25378182,130885.398161547,40.22,56.82,2.96,4422143,3327751,1094392,75.25,24.75,1771,2705,3145,11.8,18,21.1,69,45
"LMCSDN","Sudan","Sudan, Lower-middle-income economies","SDN",40234882,40234882,20197018.9980754,20037863.0019246,50.2,49.8,40234882,16296440.0017769,22599406.9994488,1339034.99998139,40.5,56.17,3.33,40234882,13601804,26633078,33.81,66.19,38567,61285,89488,29.8,47.6,70.1,4100,311
"LMCSEN","Senegal","Senegal, Lower-middle-income economies","SEN",15129273,15129273,7428679.99935122,7700593.00064878,49.1,50.9,15129273,6620887.00008184,8064565.00019662,443821.000024126,43.76,53.3,2.93,15129273,6614669,8514604,43.72,56.28,12055,24123,27059,20.8,41.7,47.2,1800,315
"LMCSLB","Solomon Islands","Solomon Islands, Lower-middle-income economies","SLB",583591,583591,296323.000028464,287267.999971536,50.78,49.22,583591,230455.000021153,333322.999974406,19812.9999986047,39.49,57.12,3.4,583591,130310,453281,22.33,77.67,203,395,470,12.2,23.6,28.1,19,114
"LMCSLV","El Salvador","El Salvador, Lower-middle-income economies","SLV",6126583,6126583,2875240.99979786,3251342.00020214,46.93,53.07,6126583,1655929.99993805,3970001.00013379,500651.99998943,27.03,64.8,8.17,6126583,4088024,2038559,66.73,33.27,868,1509,1763,8.3,14.4,16.8,57,54
"LMCSTP","Sao Tome and Principe","Sao Tome and Principe, Lower-middle-income economies","STP",190344,190344,94759.0000020048,95584.9999979952,49.78,50.22,190344,81139.0000083432,103331.99999855,5873.00000072016,42.63,54.29,3.09,190344,123899,66445,65.09,34.91,109,219,297,17.1,34.6,47.3,10,156
"LMCSWZ","Swaziland","Swaziland, Lower-middle-income economies","SWZ",1286970,1286970,636442.00004832,650527.99995168,49.45,50.55,1286970,480747.000015,760112.99996823,46110.0000039003,37.35,59.06,3.58,1286970,274228,1012742,21.31,78.69,519,1631,2221,14.2,44.5,60.7,150,389
"LMCSYR","Syria","Syria, Lower-middle-income economies","SYR",18502413,18502413,9366508.99917409,9135904.00082591,50.62,49.38,18502413,6868597.99985692,10881822.0003086,751993.000019462,37.12,58.81,4.06,18502413,10667751,7834662,57.66,42.34,2966,4708,5515,7,11.1,12.9,300,68
"LMCTJK","Tajikistan","Tajikistan, Lower-middle-income economies","TJK",8481855,8481855,4295840.99960492,4186014.00039508,50.65,49.35,8481855,2954869.99987225,5271996.00005894,254988.999983993,34.84,62.16,3.01,8481855,2271610,6210245,26.78,73.22,5494,10293,11799,20.5,38.5,44.8,82,32
"LMCTLS","Timor-Leste","Timor-Leste, Lower-middle-income economies","TLS",1245015,1245015,632165.373435519,612849.626564481,50.78,49.22,1245015,528023.643570999,647518.34986191,69473.0066044414,42.41,52.01,5.58,1245015,407991,837024,32.77,67.23,1162,2324,2642,22.3,44.7,52.6,94,215
"LMCUKR","Ukraine","Ukraine, Lower-middle-income economies","UKR",45198200,45198200,20932809.4637454,24265390.5362546,46.31,53.69,45198200,6747014.22305256,31533063.042262,6918122.73468542,14.93,69.77,15.31,45198200,31500885,13697315,69.69,30.31,2378,3331,3997,5.5,7.7,9,120,24
"LMCUZB","Uzbekistan","Uzbekistan, Lower-middle-income economies","UZB",31299500,31299500,15390822.6671155,15908677.3328846,49.17,50.83,31299500,8926591.45584445,20915060.2050497,1457848.33879286,28.52,66.82,4.66,31299500,11382063,19917437,36.36,63.64,13652,22771,26205,20.4,33.9,39.1,240,36
"LMCVNM","Vietnam","Vietnam, Lower-middle-income economies","VNM",91703800,91703800,45361886.3936541,46341913.6063459,49.47,50.53,91703800,21174120.7997731,64348378.2244943,6181300.97298147,23.09,70.17,6.74,91703800,30806058,60897742,33.59,66.41,17927,27243,34191,11.4,17.3,21.7,860,54
"LMCVUT","Vanuatu","Vanuatu, Lower-middle-income economies","VUT",264652,264652,134054.999992555,130597.000007445,50.65,49.35,264652,96679.9999950928,156858.999990123,11112.9999989049,36.53,59.27,4.2,264652,69148,195504,26.13,73.87,79,157,189,11.6,23.1,27.5,5,78
"LMCWSM","Samoa","Samoa, Lower-middle-income economies","WSM",193228,193228,99643.9999978416,93584.0000021584,51.57,48.43,193228,72056.0000022268,111058.999998702,10112.9999990712,37.29,57.48,5.23,193228,36903,156325,19.1,80.9,43,68,80,9.5,15,17.5,2,51
"LMCXKX","Kosovo","Kosovo, Lower-middle-income economies","XKX",1797151,1797151,926072.892263306,871078.107736694,51.53,48.47,1797151,462545.421346829,1214795.51210631,121774.166117469,25.74,67.6,6.78,1797151,,,,,,,,,,,,
"LMCYEM","Yemen","Yemen, Lower-middle-income economies","YEM",26832215,26832215,13553281.9991042,13278933.0008958,50.51,49.49,26832215,10803670.0003109,15280727.0005961,747817.999897956,40.26,56.95,2.79,26832215,9285556,17546659,34.61,65.39,18235,27775,34351,22.1,33.8,41.9,3300,385
"LMCZMB","Zambia","Zambia, Lower-middle-income economies","ZMB",16211767,16211767,8093646.99931077,8118120.00068923,49.92,50.08,16211767,7443617.00022894,8296609.00038475,471541.000034785,45.91,51.18,2.91,16211767,6634179,9577588,40.92,59.08,13188,26636,38990,21.4,43.3,64,1400,224
"UMCAGO","Angola","Angola, Upper-middle-income economies","AGO",25021974,25021974,12416191.999658,12605782.000342,49.62,50.38,25021974,11923081.0004427,12520017.0000386,578876.000019096,47.65,50.04,2.31,25021974,11022180,13999794,44.05,55.95,53164,104291,169310,48.7,96,156.9,5400,477
"UMCALB","Albania","Albania, Upper-middle-income economies","ALB",2889167,2889167,1433093.87367565,1456073.12632435,49.6,50.4,2889167,535830.80918768,1995185.40343046,358150.787381863,18.55,69.06,12.4,2889167,1658584,1230583,57.41,42.59,279,564,618,6.2,12.5,14,11,29
"UMCASM","American Samoa","American Samoa, Upper-middle-income economies","ASM",55538,55538,,,,,55538,,,,,,,55538,48430,7108,87.2,12.8,,,,,,,,
"UMCAZE","Azerbaijan","Azerbaijan, Upper-middle-income economies","AZE",9651349,9651349,4804462.0432469,4846886.9567531,49.78,50.22,9651349,2115435.40686067,6992920.0305228,542993.562906077,21.92,72.46,5.63,9651349,5271567,4379782,54.62,45.38,4267,6519,7206,18.2,27.9,31.7,48,25
"UMCBGR","Bulgaria","Bulgaria, Upper-middle-income economies","BGR",7177991,7177991,3487107.65892391,3690883.34107609,48.58,51.42,7177991,1015256.17829138,4725164.27200442,1437570.5497042,14.14,65.83,20.03,7177991,5307981,1870010,73.95,26.05,335,557,634,5.6,9.3,10.4,7,11
"UMCBIH","Bosnia and Herzegovina","Bosnia and Herzegovina, Upper-middle-income economies","BIH",3810416,3810416,1896450.99987649,1913965.00012351,49.77,50.23,3810416,514333.0000128,2707604.00019004,588479.000178205,13.5,71.06,15.44,3810416,1515288,2295128,39.77,60.23,124,159,169,4,5.1,5.4,4,11
"UMCBLR","Belarus","Belarus, Upper-middle-income economies","BLR",9513000,9513000,4421511.2385612,5091488.7614388,46.48,53.52,9513000,1528568.5537899,6654426.3629865,1330005.0832236,16.07,69.95,13.98,9513000,7293332,2219668,76.67,23.33,239,428,567,1.9,3.4,4.6,5,4
"UMCBLZ","Belize","Belize, Upper-middle-income economies","BLZ",359287,359287,179103.999994176,180183.000005824,49.85,50.15,359287,116604.000001425,229165.000015481,13518.0000010582,32.45,63.78,3.76,359287,157989,201298,43.97,56.03,70,120,138,8.3,14.2,16.5,2,28
"UMCBRA","Brazil","Brazil, Upper-middle-income economies","BRA",207847528,207847528,102200738.006063,105646789.993937,49.17,50.83,207847528,47862393.0091604,143680172.006845,16304963.0006228,23.03,69.13,7.84,207847528,178098311,29749217,85.69,14.31,28604,46995,52415,8.9,14.6,16.4,1300,44
"UMCBWA","Botswana","Botswana, Upper-middle-income economies","BWA",2262485,2262485,1130409.0000735,1132075.9999265,49.96,50.04,2262485,723952.00011141,1457126.99996296,81405.9999935096,32,64.4,3.6,2262485,1299662,962823,57.44,42.56,1268,2007,2488,21.9,34.8,43.6,72,129
"UMCCHN","China","China, Upper-middle-income economies","CHN",1371220000,1371220000,706489115.80862,664730884.19138,51.52,48.48,1371220000,236283151.827612,1003968793.44323,130968054.674305,17.23,73.22,9.55,1371220000,762590291,608629709,55.61,44.39,93435,156450,181574,5.5,9.2,10.7,4400,27
"UMCCOL","Colombia","Colombia, Upper-middle-income economies","COL",48228704,48228704,23743534.9989811,24485169.0010189,49.23,50.77,48228704,11713196.0011852,33120687.0018936,3394820.99981494,24.29,68.67,7.04,48228704,36864092,11364612,76.44,23.56,6356,10183,11934,8.5,13.6,15.9,480,64
"UMCCRI","Costa Rica","Costa Rica, Upper-middle-income economies","CRI",4807850,4807850,2405544.99976887,2402305.00023113,50.03,49.97,4807850,1072567.00019758,3307334.00007408,427949.000016811,22.31,68.79,8.9,4807850,3693438,1114412,76.82,23.18,421,577,663,6.2,8.5,9.7,18,25
"UMCCUB","Cuba","Cuba, Upper-middle-income economies","CUB",11389562,11389562,5721941.99943644,5667620.00056356,50.24,49.76,11389562,1857105.9999519,7941009.9995722,1591446.0004759,16.31,69.72,13.97,11389562,8778391,2611171,77.07,22.93,270,469,647,2.3,4,5.5,45,39
"UMCDMA","Dominica","Dominica, Upper-middle-income economies","DMA",72680,72680,,,,,72680,,,,,,,72680,50541,22139,69.54,30.46,17,21,23,15.6,19.6,21.2,,
"UMCDOM","Dominican Republic","Dominican Republic, Upper-middle-income economies","DOM",10528391,10528391,5246099.99958152,5282291.00041848,49.83,50.17,10528391,3154183.99956408,6673788.99953579,700417.999952573,29.96,63.39,6.65,10528391,8315323,2213068,78.98,21.02,4706,5572,6710,21.7,25.7,30.9,200,92
"UMCDZA","Algeria","Algeria, Upper-middle-income economies","DZA",39666519,39666519,19957604.0014357,19708914.9985643,50.31,49.69,39666519,11320312.9990376,25990793.0016986,2355413.00005711,28.54,65.52,5.94,39666519,28054939,11611580,70.73,29.27,14773,20899,24269,15.5,21.9,25.5,1300,140
"UMCECU","Ecuador","Ecuador, Upper-middle-income economies","ECU",16144363,16144363,8071064.00010863,8073298.99989137,49.99,50.01,16144363,4684977.00071651,10377037.0002238,1082349.00002832,29.02,64.28,6.7,16144363,10290740,5853623,63.74,36.26,3530,6027,7079,10.8,18.4,21.6,210,64
"UMCFJI","Fiji","Fiji, Upper-middle-income economies","FJI",892145,892145,453626.999988916,438518.000011084,50.85,49.15,892145,256444.000030173,583680.000039767,52021.0000014316,28.74,65.42,5.83,892145,479332,412813,53.73,46.27,164,328,388,9.6,19.1,22.4,5,30
"UMCGAB","Gabon","Gabon, Upper-middle-income economies","GAB",1725292,1725292,872431.999940824,852860.000059176,50.57,49.43,1725292,640548.000063542,996668.999972214,88074.999998749,37.13,57.77,5.1,1725292,1503695,221597,87.16,12.84,1195,1852,2579,23.2,36.1,50.8,150,291
"UMCGRD","Grenada","Grenada, Upper-middle-income economies","GRD",106825,106825,53583.999995655,53241.000004345,50.16,49.84,106825,28290.9999966625,70885.999999055,7648.0000000095,26.48,66.36,7.16,106825,38020,68805,35.59,64.41,12,21,24,6,10.8,11.8,1,27
"UMCIRN","Iran","Iran, Upper-middle-income economies","IRN",79109272,79109272,39835202.0012103,39274069.9987897,50.35,49.65,79109272,18677281.0029647,56428180.0027803,4003810.99979263,23.61,71.33,5.06,79109272,58046428,21062844,73.37,26.63,12799,18067,21010,9.5,13.4,15.5,340,25
"UMCIRQ","Iraq","Iraq, Upper-middle-income economies","IRQ",36423395,36423395,18436976.9993897,17986418.0006103,50.62,49.38,36423395,14927311.9994241,20382897.9991053,1113185.00001375,40.98,55.96,3.06,36423395,25303697,11119698,69.47,30.53,22482,32258,38682,18.4,26.5,32,620,50
"UMCJAM","Jamaica","Jamaica, Upper-middle-income economies","JAM",2725941,2725941,1357477.79730612,1368463.20269388,49.8,50.2,2725941,642731.614008902,1834088.45389815,249120.93195665,23.58,67.28,9.14,2725941,1493489,1232452,54.79,45.21,464,539,631,11.6,13.5,15.7,43,89
"UMCJOR","Jordan","Jordan, Upper-middle-income economies","JOR",7594547,7594547,3889014.00024858,3705532.99975142,51.21,48.79,7594547,2697994.99984564,4609029.99971408,287521.999984609,35.53,60.69,3.79,7594547,6355041,1239506,83.68,16.32,2184,3176,3670,10.6,15.4,17.9,110,58
"UMCKAZ","Kazakhstan","Kazakhstan, Upper-middle-income economies","KAZ",17544126,17544126,8472891.95629978,9071234.04370022,48.29,51.71,17544126,4687334.18834306,11675065.4937674,1181726.31666148,26.72,66.55,6.74,17544126,9341721,8202405,53.25,46.75,2744,4935,5528,7,12.6,14.1,45,12
"UMCLBN","Lebanon","Lebanon, Upper-middle-income economies","LBN",5850743,5850743,2938529.00014776,2912213.99985224,50.22,49.78,5850743,1403771.00004845,3970975.00026665,475996.999977434,23.99,67.87,8.14,5850743,5136484,714259,87.79,12.21,491,726,835,4.8,7.1,8.3,13,15
"UMCLBY","Libya","Libya, Upper-middle-income economies","LBY",6278438,6278438,3156744.99974967,3121693.00025033,50.28,49.72,6278438,1873037.00030066,4120317.00011993,285084.000018908,29.83,65.63,4.54,6278438,4931964,1346474,78.55,21.45,894,1418,1684,7.2,11.4,13.4,12,9
"UMCLCA","St. Lucia","St. Lucia, Upper-middle-income economies","LCA",184999,184999,90758.999993159,94240.000006841,49.06,50.94,184999,42782.0000031959,125571.999999763,16645.0000007407,23.13,67.88,9,184999,34232,150767,18.5,81.5,26,36,40,9.3,12.7,14.3,1,48
"UMCMDV","Maldives","Maldives, Upper-middle-income economies","MDV",409163,409163,205187.384887933,203975.615112067,50.15,49.85,409163,112432.430197262,277495.272126706,19235.2976801239,27.48,67.82,4.7,409163,186316,222847,45.54,54.46,38,58,67,4.9,7.4,8.6,5,68
"UMCMEX","Mexico","Mexico, Upper-middle-income economies","MEX",127017224,127017224,63181447.0042303,63835776.9957697,49.74,50.26,127017224,35063659.0010673,83739375.0058353,8214189.99944828,27.61,65.93,6.47,127017224,100656069,26361155,79.25,20.75,16596,26820,31278,7,11.3,13.2,890,38
"UMCMHL","Marshall Islands","Marshall Islands, Upper-middle-income economies","MHL",52993,52993,,,,,52993,,,,,,,52993,38517,14476,72.68,27.32,23,40,49,16.7,29.6,36,,
"UMCMKD","Macedonia","Macedonia, Upper-middle-income economies","MKD",2078453,2078453,1034650.00006527,1043802.99993473,49.78,50.22,2078453,352362.000007424,1469967.00004958,256123.999942998,16.95,70.72,12.32,2078453,1186880,891573,57.1,42.9,87,119,135,3.5,4.8,5.5,2,8
"UMCMNE","Montenegro","Montenegro, Upper-middle-income economies","MNE",622388,622388,307534.45036223,314853.54963777,49.41,50.59,622388,116106.038259744,421356.937589676,84925.0241505796,18.65,67.7,13.65,622388,398490,223898,64.03,35.97,21,30,33,3.1,4.3,4.7,1,7
"UMCMNG","Mongolia","Mongolia, Upper-middle-income economies","MNG",2959134,2959134,1464758.99988045,1494375.00011955,49.5,50.5,2959134,835300.9999231,2004170.99993477,119661.999994171,28.23,67.73,4.04,2959134,2131760,827374,72.04,27.96,789,1348,1581,11.1,19,22.4,30,44
"UMCMUS","Mauritius","Mauritius, Upper-middle-income economies","MUS",1262605,1262605,623602.189397637,639002.810602363,49.39,50.61,1262605,243962.498925565,897898.854507442,120743.646453358,19.32,71.11,9.56,1262605,500888,761717,39.67,60.33,119,167,192,8.4,11.8,13.5,7,53
"UMCMYS","Malaysia","Malaysia, Upper-middle-income economies","MYS",30331007,30331007,15651307.286329,14679699.713671,51.6,48.4,30331007,7588207.19714375,20955859.9420423,1786744.15090123,25.02,69.09,5.89,30331007,22658779,7672228,74.71,25.29,2149,3308,3793,3.9,6,7,200,40
"UMCNAM","Namibia","Namibia, Upper-middle-income economies","NAM",2458830,2458830,1196788.00011735,1262041.99988265,48.67,51.33,2458830,902147.999948613,1470005.00009227,86677.0000082976,36.69,59.78,3.53,2458830,1147290,1311540,46.66,53.34,1188,2447,3318,15.9,32.8,45.4,190,265
"UMCPAN","Panama","Panama, Upper-middle-income economies","PAN",3929141,3929141,1969740.00008916,1959400.99991084,50.13,49.87,3929141,1067333.99998496,2561924.00012787,299883.000005037,27.16,65.2,7.63,3929141,2616494,1312647,66.59,33.41,721,1097,1277,9.6,14.6,17,71,94
"UMCPER","Peru","Peru, Upper-middle-income economies","PER",31376670,31376670,15673107.9993167,15703562.0006833,49.95,50.05,31376670,8752716.00118293,20482451.0010576,2141502.99995584,27.9,65.28,6.83,31376670,24664887,6711783,78.61,21.39,5104,8164,10483,8.2,13.1,16.9,420,68
"UMCPLW","Palau","Palau, Upper-middle-income economies","PLW",21291,21291,,,,,21291,,,,,,,21291,18538,2753,87.07,12.93,3,4,5,9,14.2,16.4,,
"UMCPRY","Paraguay","Paraguay, Upper-middle-income economies","PRY",6639123,6639123,3369126.00022766,3269996.99977234,50.75,49.25,6639123,2000621.99980399,4238795.00002398,399705.999972862,30.13,63.85,6.02,6639123,3961299,2677824,59.67,40.33,1471,2366,2780,10.9,17.5,20.5,190,132
"UMCROU","Romania","Romania, Upper-middle-income economies","ROU",19832389,19832389,9606495.81242368,10225893.1875763,48.44,51.56,19832389,3078102.15565596,13320507.6614032,3433779.18294088,15.52,67.17,17.31,19832389,10821345,9011044,54.56,45.44,1047,1614,1882,6.3,9.7,11.1,56,31
"UMCSRB","Serbia","Serbia, Upper-middle-income economies","SRB",7098247,7098247,3464242.22867111,3634004.77132889,48.8,51.2,7098247,1157036.77663948,4728661.64651754,1212548.57684298,16.3,66.62,17.08,7098247,3943289,3154958,55.55,44.45,389,547,619,4.2,5.9,6.7,15,17
"UMCSUR","Suriname","Suriname, Upper-middle-income economies","SUR",542975,542975,272037.99998193,270937.00001807,50.1,49.9,542975,145419.00002319,360167.999984265,37387.9999979748,26.78,66.33,6.89,542975,358597,184378,66.04,33.96,112,186,209,11.5,19,21.3,15,155
"UMCTHA","Thailand","Thailand, Upper-middle-income economies","THA",67959359,67959359,33494788.9978195,34464570.0021805,49.29,50.71,67959359,12036127.0028246,48806615.9980246,7116615.99915074,17.71,71.82,10.47,67959359,34233848,33725511,50.37,49.63,4958,7778,9173,6.7,10.5,12.3,140,20
"UMCTKM","Turkmenistan","Turkmenistan, Upper-middle-income economies","TKM",5373502,5373502,2640705.9997869,2732796.0002131,49.14,50.86,5373502,1516617.9997583,3633611.00016707,223273.000020901,28.22,67.62,4.16,5373502,2688739,2684763,50.04,49.96,2581,5024,5868,22.6,43.7,51.4,47,42
"UMCTON","Tonga","Tonga, Upper-middle-income economies","TON",106170,106170,53238.999999063,52931.000000937,50.15,49.85,106170,39032.000000913,60902.000004489,6235.9999999065,36.76,57.36,5.87,106170,25175,80995,23.71,76.29,17,37,43,6.9,14.4,16.7,3,124
"UMCTUN","Tunisia","Tunisia, Upper-middle-income economies","TUN",11107800,11107800,5489058.83065056,5618741.16934944,49.42,50.58,11107800,2594419.6213782,7670066.15339514,843314.224449114,23.36,69.05,7.59,11107800,7424676,3683124,66.84,33.16,1724,2546,2919,8.2,12.1,14,130,62
"UMCTUR","Turkey","Turkey, Upper-middle-income economies","TUR",78665830,78665830,38674561.9981825,39991268.0018175,49.16,50.84,78665830,20193918.002485,52541532.9986179,5930378.99968382,25.67,66.79,7.54,78665830,57738359,20927471,73.4,26.6,9980,16325,18936,7.1,11.6,13.5,210,16
"UMCTUV","Tuvalu","Tuvalu, Upper-middle-income economies","TUV",9916,9916,,,,,9916,,,,,,,9916,5922,3994,59.72,40.28,4,5,6,17.6,22.8,27.1,,
"UMCVCT","St. Vincent and the Grenadines","St. Vincent and the Grenadines, Upper-middle-income economies","VCT",109462,109462,55231.9999992296,54230.0000007704,50.46,49.54,109462,26849.9999965322,74586.0000053222,8026.00000033484,24.53,68.14,7.33,109462,55333,54129,50.55,49.45,19,27,30,11.5,16.6,18.3,1,45
"UMCZAF","South Africa","South Africa, Upper-middle-income economies","ZAF",54956920.37,54956920.37,27026678.1324093,27930242.2375907,49.18,50.82,54956920.37,16068980.2105088,36121759.8089071,2766180.35388143,29.24,65.73,5.03,54956920.37,35612634,19344286.37,64.8,35.2,11141,34078,41930,11,33.6,40.5,1500,138
